CustomerID,Total_Spending,Average_Order_Value,Total_Quantity,Average_Unit_Price,Total_Items_In_Cart,Number_of_Orders,Cluster
C10002,1470.03,1470.03,3,490.01,4,1,1
C10054,153.48,153.48,2,76.74,7,1,0
C10126,1349.8,1349.8,2,674.9,4,1,1
C10154,1303.04,1303.04,4,325.76,8,1,1
C10211,635.9,635.9,5,127.18,10,1,0
C10477,466.42,466.42,1,466.42,5,1,0
C10642,922.74,922.74,2,461.37,5,1,0
C10787,1099.28,1099.28,4,274.82,9,1,1
C10791,355.09,355.09,1,355.09,5,1,0
C11127,1306.65,1306.65,5,261.33,5,1,1
C11210,454.6,454.6,5,90.92,9,1,0
C11415,2876.2,2876.2,5,575.24,7,1,1
C11473,146.82,146.82,2,73.41,2,1,0
C11657,264.4,264.4,4,66.1,9,1,0
C11665,337.38,337.38,3,112.46,6,1,0
C11676,929.0,929.0,2,464.5,2,1,0
C11829,279.14,279.14,2,139.57,4,1,0
C11849,476.5,476.5,2,238.25,7,1,0
C11906,1237.59,1237.59,3,412.53,6,1,0
C11921,452.7,452.7,1,452.7,5,1,0
C11940,448.02,448.02,3,149.34,7,1,0
C11985,30.44,30.44,1,30.44,1,1,0
C12039,132.68,132.68,1,132.68,1,1,0
C12301,531.74,531.74,1,531.74,1,1,0
C12444,230.88,230.88,3,76.96,8,1,0
C12459,284.16,284.16,2,142.08,4,1,0
C12472,252.93,252.93,3,84.31,3,1,0
C12487,1427.07,1427.07,3,475.69,3,1,0
C12607,281.52,281.52,1,281.52,6,1,0
C12609,547.32,547.32,4,136.83,8,1,0
C12740,644.75,644.75,5,128.95,10,1,0
C12813,1462.7,1462.7,5,292.54,8,1,1
C13108,3293.85,3293.85,5,658.77,10,1,1
C13169,536.07,536.07,1,536.07,5,1,0
C13540,1239.64,1239.64,4,309.91,5,1,0
C13923,118.8,118.8,1,118.8,6,1,0
C14005,80.46,80.46,2,40.23,4,1,0
C14017,1248.32,1248.32,2,624.16,2,1,0
C14114,1704.06,1704.06,3,568.02,3,1,1
C14240,491.11,491.11,1,491.11,4,1,0
C14455,164.85,164.85,3,54.95,8,1,0
C14552,1120.0,1120.0,5,224.0,9,1,1
C14553,440.19,440.19,3,146.73,8,1,0
C14576,2156.8,2156.8,4,539.2,8,1,1
C14683,1069.34,1069.34,2,534.67,7,1,0
C14737,581.64,581.64,4,145.41,7,1,0
C14837,183.18,183.18,1,183.18,6,1,0
C14847,318.81,318.81,1,318.81,3,1,0
C14891,1654.96,1654.96,4,413.74,7,1,1
C14983,17.24,17.24,1,17.24,2,1,0
C15017,675.57,675.57,1,675.57,1,1,0
C15063,426.1,426.1,5,85.22,7,1,0
C15146,190.55,190.55,5,38.11,6,1,0
C15228,1422.42,1422.42,3,474.14,8,1,1
C15257,580.2,580.2,4,145.05,6,1,0
C15629,912.45,912.45,3,304.15,3,1,0
C15849,525.43,525.43,1,525.43,2,1,0
C15924,245.89,245.89,1,245.89,3,1,0
C16012,630.82,630.82,1,630.82,5,1,0
C16429,679.65,679.65,1,679.65,6,1,0
C16612,600.54,600.54,1,600.54,4,1,0
C16675,857.4,857.4,4,214.35,7,1,0
C16693,949.72,949.72,4,237.43,8,1,0
C16758,188.31,188.31,3,62.77,6,1,0
C16775,3353.75,3353.75,5,670.75,8,1,1
C16776,320.0,320.0,2,160.0,4,1,0
C16790,258.96,258.96,4,64.74,8,1,0
C17103,1278.36,1278.36,3,426.12,5,1,0
C17132,386.03,386.03,1,386.03,4,1,0
C17136,641.96,641.96,4,160.49,8,1,0
C17181,2276.65,2276.65,5,455.33,8,1,1
C17302,359.99,359.99,1,359.99,5,1,0
C17388,317.25,317.25,1,317.25,1,1,0
C17389,522.08,522.08,1,522.08,5,1,0
C17470,461.9,461.9,2,230.95,3,1,0
C17551,518.39,518.39,1,518.39,4,1,0
C17921,1210.6,1210.6,4,302.65,8,1,1
C17966,185.74,185.74,2,92.87,5,1,0
C18037,140.68,140.68,2,70.34,3,1,0
C18076,1766.22,1766.22,3,588.74,8,1,1
C18104,635.9,635.9,5,127.18,9,1,0
C18105,2332.08,2332.08,4,583.02,4,1,1
C18138,1618.38,1618.38,3,539.46,4,1,1
C18187,605.28,605.28,1,605.28,3,1,0
C18353,1299.99,1299.99,3,433.33,4,1,0
C18404,3370.2,3370.2,5,674.04,7,1,1
C18473,840.58,840.58,2,420.29,3,1,0
C18567,365.84,365.84,4,91.46,9,1,0
C18583,1822.1,1822.1,5,364.42,10,1,1
C18717,2793.15,2793.15,5,558.63,8,1,1
C18820,2573.0,2573.0,5,514.6,10,1,1
C18826,1443.3,1443.3,3,481.1,3,1,0
C18944,1575.2,1575.2,4,393.8,7,1,1
C18984,1767.9,1767.9,3,589.3,6,1,1
C19071,1352.94,1352.94,3,450.98,8,1,1
C19384,351.16,351.16,4,87.79,6,1,0
C19439,440.34,440.34,1,440.34,2,1,0
C19648,2673.44,2673.44,4,668.36,5,1,1
C19722,596.24,596.24,1,596.24,4,1,0
C19742,332.09,332.09,1,332.09,5,1,0
C19759,1176.6,1176.6,2,588.3,2,1,0
C19937,438.34,438.34,1,438.34,5,1,0
C20077,2372.88,2372.88,4,593.22,8,1,1
C20212,1834.35,1834.35,3,611.45,4,1,1
C20256,1616.22,1616.22,3,538.74,6,1,1
C20257,1343.9,1343.9,5,268.78,7,1,1
C20286,571.9,571.9,1,571.9,1,1,0
C20338,370.85,370.85,1,370.85,2,1,0
C20357,2077.32,2077.32,3,692.44,8,1,1
C20448,296.44,296.44,2,148.22,7,1,0
C20624,479.56,479.56,1,479.56,1,1,0
C20643,2011.96,2011.96,4,502.99,4,1,1
C20670,935.82,935.82,2,467.91,5,1,0
C20731,1777.76,1777.76,4,444.44,8,1,1
C20752,572.13,572.13,1,572.13,4,1,0
C20817,3078.35,3078.35,5,615.67,6,1,1
C20861,2441.75,2441.75,5,488.35,9,1,1
C20881,1288.1,1288.1,2,644.05,5,1,1
C20977,1740.48,1740.48,4,435.12,9,1,1
C21043,694.5,694.5,1,694.5,3,1,0
C21126,107.04,107.04,1,107.04,6,1,0
C21147,335.1,335.1,1,335.1,6,1,0
C21167,2235.6,2235.6,4,558.9,9,1,1
C21181,1350.2,1350.2,2,675.1,4,1,1
C21191,647.77,323.885,3,243.39499999999998,4,2,2
C21227,590.87,590.87,1,590.87,6,1,0
C21665,1700.72,1700.72,4,425.18,8,1,1
C21905,298.06,298.06,1,298.06,3,1,0
C21953,250.46,250.46,2,125.23,3,1,0
C22101,265.2,265.2,2,132.6,4,1,0
C22123,672.89,672.89,1,672.89,1,1,0
C22429,604.8,604.8,4,151.2,9,1,0
C22657,1901.91,1901.91,3,633.97,7,1,1
C22783,2771.64,2771.64,4,692.91,9,1,1
C22981,472.2,472.2,3,157.4,7,1,0
C23279,87.34,87.34,2,43.67,4,1,0
C23334,331.06,331.06,1,331.06,5,1,0
C23555,1633.44,1633.44,4,408.36,4,1,1
C23899,1358.45,1358.45,5,271.69,7,1,1
C23917,127.55,127.55,1,127.55,3,1,0
C23947,120.98,120.98,1,120.98,6,1,0
C23978,576.35,576.35,1,576.35,1,1,0
C24047,937.8,937.8,4,234.45,9,1,0
C24212,322.08,322.08,3,107.36,5,1,0
C24301,1284.08,1284.08,2,642.04,4,1,0
C24347,646.9,646.9,2,323.45,5,1,0
C24369,1079.19,1079.19,3,359.73,7,1,0
C24751,2506.3,2506.3,5,501.26,10,1,1
C24769,57.1,57.1,2,28.55,7,1,0
C24884,260.26,260.26,1,260.26,5,1,0
C24901,299.7,299.7,3,99.9,8,1,0
C25110,126.42,126.42,2,63.21,4,1,0
C25123,629.21,629.21,1,629.21,2,1,0
C25149,1054.48,1054.48,4,263.62,5,1,0
C25268,665.11,665.11,1,665.11,3,1,0
C25276,3313.9,3313.9,5,662.78,9,1,1
C25316,79.06,79.06,2,39.53,3,1,0
C25406,161.24,161.24,1,161.24,3,1,0
C25445,658.5,658.5,5,131.7,8,1,0
C25503,211.14,211.14,2,105.57,5,1,0
C25534,984.2,984.2,5,196.84,5,1,0
C25580,1563.36,1563.36,4,390.84,9,1,1
C25783,1253.4,1253.4,5,250.68,8,1,1
C25841,904.65,904.65,3,301.55,5,1,0
C25918,666.95,666.95,5,133.39,6,1,0
C26118,144.78,144.78,2,72.39,7,1,0
C26152,972.7,972.7,2,486.35,6,1,0
C26163,625.1,625.1,5,125.02,9,1,0
C26188,618.68,618.68,1,618.68,6,1,0
C26210,1334.25,1334.25,3,444.75,6,1,1
C26223,657.07,657.07,1,657.07,4,1,0
C26340,369.2,369.2,2,184.6,7,1,0
C26364,1314.24,1314.24,4,328.56,4,1,0
C26637,869.8,869.8,5,173.96,8,1,0
C26718,1052.36,1052.36,4,263.09,8,1,0
C26767,303.6,303.6,1,303.6,5,1,0
C26966,1872.9,1872.9,5,374.58,10,1,1
C27070,2612.52,2612.52,4,653.13,8,1,1
C27202,3267.35,3267.35,5,653.47,10,1,1
C27203,1040.85,1040.85,5,208.17,6,1,0
C27305,1390.58,1390.58,2,695.29,6,1,1
C27430,474.25,474.25,5,94.85,6,1,0
C27435,2104.9,2104.9,5,420.98,7,1,1
C27438,70.32,70.32,1,70.32,4,1,0
C27613,2462.6,2462.6,4,615.65,9,1,1
C27898,2513.55,2513.55,5,502.71,7,1,1
C28049,1293.38,1293.38,2,646.69,7,1,1
C28152,1714.59,1714.59,3,571.53,6,1,1
C28386,277.09,277.09,1,277.09,2,1,0
C28406,23.53,23.53,1,23.53,2,1,0
C28648,1895.44,1895.44,4,473.86,7,1,1
C28740,1670.97,1670.97,3,556.99,4,1,1
C28889,258.87,258.87,3,86.29,6,1,0
C28893,620.21,620.21,1,620.21,1,1,0
C28976,1067.62,1067.62,2,533.81,3,1,0
C29059,1503.9,1503.9,3,501.3,3,1,1
C29063,478.75,478.75,5,95.75,8,1,0
C29314,788.6,788.6,2,394.3,6,1,0
C29405,448.74,448.74,2,224.37,3,1,0
C29416,150.17,150.17,1,150.17,1,1,0
C29432,1406.22,1406.22,3,468.74,4,1,1
C29467,191.76,191.76,1,191.76,1,1,0
C29568,194.44,194.44,4,48.61,7,1,0
C29685,1923.45,1923.45,5,384.69,6,1,1
C29697,401.82,401.82,1,401.82,5,1,0
C29701,61.62,61.62,3,20.54,3,1,0
C29703,2790.0,2790.0,4,697.5,7,1,1
C29758,798.64,798.64,2,399.32,6,1,0
C29844,877.24,877.24,2,438.62,3,1,0
C29885,568.32,568.32,3,189.44,4,1,0
C29905,1067.9,1067.9,2,533.95,5,1,0
C29914,133.39,133.39,1,133.39,2,1,0
C29931,612.36,612.36,4,153.09,4,1,0
C30010,382.23,382.23,3,127.41,7,1,0
C30168,933.99,933.99,3,311.33,3,1,0
C30184,427.06,427.06,1,427.06,1,1,0
C30334,267.1,267.1,2,133.55,7,1,0
C30411,2551.16,2551.16,4,637.79,9,1,1
C30477,201.58,201.58,1,201.58,2,1,0
C30513,586.44,586.44,1,586.44,5,1,0
C30643,918.87,918.87,3,306.29,7,1,0
C30686,1614.32,1614.32,4,403.58,9,1,1
C30711,278.66,278.66,1,278.66,2,1,0
C30923,654.27,654.27,1,654.27,2,1,0
C30955,167.6,167.6,4,41.9,9,1,0
C31072,916.4,916.4,4,229.1,8,1,0
C31105,583.99,583.99,1,583.99,2,1,0
C31412,2042.32,2042.32,4,510.58,7,1,1
C31668,569.35,569.35,5,113.87,6,1,0
C31761,2600.16,2600.16,4,650.04,6,1,1
C31810,178.44,178.44,1,178.44,2,1,0
C31946,2037.52,2037.52,4,509.38,6,1,1
C32011,628.89,628.89,1,628.89,2,1,0
C32029,701.44,701.44,4,175.36,4,1,0
C32121,795.24,795.24,4,198.81,9,1,0
C32183,1985.67,1985.67,3,661.89,6,1,1
C32347,249.81,249.81,1,249.81,1,1,0
C32570,11.39,11.39,1,11.39,6,1,0
C32580,1874.95,1874.95,5,374.99,9,1,1
C32650,1210.52,1210.52,2,605.26,4,1,0
C32687,852.44,852.44,2,426.22,7,1,0
C32798,993.24,993.24,2,496.62,2,1,0
C32854,65.45,65.45,1,65.45,2,1,0
C32943,824.28,824.28,2,412.14,2,1,0
C32956,2715.8,2715.8,5,543.16,6,1,1
C33051,883.08,883.08,2,441.54,2,1,0
C33099,241.9,241.9,5,48.38,9,1,0
C33110,1584.42,1584.42,3,528.14,3,1,1
C33260,1270.59,1270.59,3,423.53,6,1,1
C33313,1738.65,1738.65,3,579.55,8,1,1
C33540,273.19,273.19,1,273.19,5,1,0
C33729,1978.71,1978.71,3,659.57,6,1,1
C34134,254.12,254.12,1,254.12,1,1,0
C34266,2519.52,2519.52,4,629.88,8,1,1
C34337,950.55,950.55,5,190.11,7,1,0
C34416,99.24,99.24,2,49.62,2,1,0
C34555,372.8,372.8,1,372.8,6,1,0
C34686,68.39,68.39,1,68.39,3,1,0
C35043,132.15,132.15,5,26.43,5,1,0
C35091,211.14,211.14,1,211.14,1,1,0
C35100,639.82,639.82,2,319.91,3,1,0
C35117,1395.86,1395.86,2,697.93,2,1,0
C35123,1546.92,1546.92,4,386.73,4,1,1
C35136,634.94,634.94,1,634.94,5,1,0
C35168,1199.72,1199.72,2,599.86,7,1,1
C35355,1327.6,1327.6,4,331.9,5,1,1
C35377,3119.05,3119.05,5,623.81,6,1,1
C35397,331.55,331.55,5,66.31,7,1,0
C35483,671.1,671.1,3,223.7,3,1,0
C35566,258.76,258.76,4,64.69,7,1,0
C35628,1660.71,1660.71,3,553.57,4,1,1
C35785,427.82,427.82,1,427.82,2,1,0
C35852,104.16,104.16,4,26.04,5,1,0
C35854,939.85,939.85,5,187.97,9,1,1
C35983,3137.15,3137.15,5,627.43,10,1,1
C35987,3267.3,3267.3,5,653.46,9,1,1
C36150,1069.82,1069.82,2,534.91,5,1,0
C36174,926.94,926.94,3,308.98,3,1,0
C36383,2107.2,2107.2,5,421.44,5,1,1
C36408,3075.5,3075.5,5,615.1,10,1,1
C36467,75.78,75.78,1,75.78,5,1,0
C36492,45.94,45.94,1,45.94,2,1,0
C36497,86.3,86.3,2,43.15,3,1,0
C36534,1963.62,1963.62,3,654.54,7,1,1
C36540,728.32,728.32,4,182.08,4,1,0
C36613,1894.92,1894.92,3,631.64,3,1,1
C36688,305.17,305.17,1,305.17,3,1,0
C36725,3253.6,3253.6,5,650.72,8,1,1
C36778,388.33,388.33,1,388.33,2,1,0
C36938,761.94,761.94,3,253.98,3,1,0
C36997,745.64,745.64,4,186.41,6,1,0
C37032,847.76,847.76,2,423.88,7,1,0
C37249,491.72,491.72,2,245.86,4,1,0
C37412,432.47,432.47,1,432.47,4,1,0
C37455,2380.05,2380.05,5,476.01,7,1,1
C37531,1349.3,1349.3,5,269.86,6,1,1
C37594,1361.2,1361.2,4,340.3,8,1,1
C37969,362.46,362.46,3,120.82,5,1,0
C38024,546.86,546.86,2,273.43,7,1,0
C38068,1302.65,1302.65,5,260.53,5,1,1
C38126,2060.76,2060.76,4,515.19,9,1,1
C38134,419.88,419.88,2,209.94,3,1,0
C38557,1915.5,1915.5,3,638.5,4,1,1
C38642,1046.0,1046.0,5,209.2,6,1,0
C38785,361.0,361.0,2,180.5,6,1,0
C38840,2332.28,2332.28,4,583.07,6,1,1
C39000,287.46,287.46,1,287.46,3,1,0
C39017,994.38,994.38,3,331.46,6,1,0
C39074,3032.6,3032.6,5,606.52,6,1,1
C39106,546.19,546.19,1,546.19,5,1,0
C39176,1737.68,1737.68,4,434.42,6,1,1
C39246,931.4,931.4,5,186.28,8,1,0
C39256,417.1,417.1,1,417.1,3,1,0
C39260,427.66,427.66,2,213.83,2,1,0
C39530,1704.15,1704.15,3,568.05,6,1,1
C39551,76.93,76.93,1,76.93,6,1,0
C39593,2078.13,2078.13,3,692.71,3,1,1
C39648,465.33,465.33,1,465.33,2,1,0
C39664,946.25,946.25,5,189.25,10,1,1
C39791,597.06,597.06,2,298.53,5,1,0
C39911,2073.6,2073.6,4,518.4,7,1,1
C40136,1039.56,1039.56,3,346.52,3,1,0
C40201,185.82,185.82,2,92.91,3,1,0
C40304,479.36,479.36,4,119.84,8,1,0
C40427,613.98,613.98,1,613.98,4,1,0
C40466,541.64,541.64,1,541.64,5,1,0
C40538,423.64,423.64,2,211.82,4,1,0
C40648,603.76,603.76,2,301.88,5,1,0
C40771,697.96,697.96,4,174.49,5,1,0
C40798,1081.98,1081.98,3,360.66,5,1,0
C40863,489.39,489.39,3,163.13,5,1,0
C40882,868.52,868.52,4,217.13,8,1,0
C40949,1105.26,1105.26,2,552.63,7,1,0
C41137,1347.39,1347.39,3,449.13,5,1,1
C41284,737.92,737.92,4,184.48,4,1,0
C41320,1709.52,1709.52,3,569.84,8,1,1
C41331,1203.05,1203.05,5,240.61,10,1,1
C41460,747.75,747.75,5,149.55,9,1,0
C41478,2138.28,2138.28,4,534.57,6,1,1
C41598,1472.76,1472.76,3,490.92,5,1,1
C41709,712.7,712.7,2,356.35,6,1,0
C41903,160.8,160.8,3,53.6,4,1,0
C41974,2099.79,2099.79,3,699.93,7,1,1
C42108,641.36,641.36,2,320.68,5,1,0
C42235,1193.44,1193.44,4,298.36,8,1,1
C42270,482.98,482.98,2,241.49,7,1,0
C42365,214.08,214.08,1,214.08,2,1,0
C42372,1093.0,1093.0,4,273.25,5,1,0
C42577,399.98,399.98,1,399.98,3,1,0
C42949,660.66,660.66,1,660.66,3,1,0
C43212,2200.56,2200.56,4,550.14,4,1,1
C43249,1391.43,1391.43,3,463.81,8,1,1
C43330,580.47,580.47,3,193.49,6,1,0
C43335,548.24,548.24,2,274.12,6,1,0
C43443,3129.85,3129.85,5,625.97,9,1,1
C43524,2621.3,2621.3,5,524.26,5,1,1
C43538,1290.18,1290.18,3,430.06,8,1,1
C43545,1876.25,1876.25,5,375.25,9,1,1
C43546,485.91,485.91,3,161.97,4,1,0
C43595,2807.4,2807.4,5,561.48,9,1,1
C43721,131.61,131.61,1,131.61,2,1,0
C43842,1303.14,1303.14,2,651.57,7,1,1
C43867,524.06,524.06,1,524.06,3,1,0
C43911,1674.84,1674.84,4,418.71,8,1,1
C43919,1804.8,1804.8,3,601.6,7,1,1
C44148,1505.72,1505.72,4,376.43,5,1,1
C44176,77.64,77.64,1,77.64,1,1,0
C44267,853.4,853.4,2,426.7,5,1,0
C44277,458.63,458.63,1,458.63,4,1,0
C44366,776.44,776.44,2,388.22,2,1,0
C44733,87.06,87.06,1,87.06,4,1,0
C45104,687.89,687.89,1,687.89,1,1,0
C45175,70.82,70.82,1,70.82,1,1,0
C45187,420.65,420.65,5,84.13,9,1,0
C45599,2379.75,2379.75,5,475.95,8,1,1
C45671,1314.96,1314.96,2,657.48,5,1,1
C45862,176.1,176.1,1,176.1,1,1,0
C45899,1285.96,1285.96,2,642.98,7,1,1
C46015,1812.3,1812.3,5,362.46,6,1,1
C46210,1286.64,1286.64,3,428.88,3,1,0
C46316,930.36,930.36,2,465.18,2,1,0
C46504,745.84,745.84,2,372.92,7,1,0
C46509,1174.98,1174.98,2,587.49,6,1,0
C46651,1360.8899999999999,680.4449999999999,5,239.025,10,2,2
C46877,210.7,210.7,1,210.7,2,1,0
C46886,1849.17,1849.17,3,616.39,6,1,1
C46920,1362.12,1362.12,2,681.06,3,1,0
C46967,1026.84,1026.84,2,513.42,5,1,0
C47086,609.16,609.16,4,152.29,6,1,0
C47283,263.96,263.96,1,263.96,2,1,0
C47307,1202.86,1202.86,2,601.43,5,1,0
C47486,320.92,320.92,1,320.92,5,1,0
C47761,1165.4,1165.4,4,291.35,6,1,0
C47778,3334.0,3334.0,5,666.8,7,1,1
C48120,280.25,280.25,1,280.25,5,1,0
C48176,1736.92,1736.92,4,434.23,8,1,1
C48453,3194.0,3194.0,5,638.8,10,1,1
C48510,1042.8,1042.8,2,521.4,7,1,0
C48577,1640.84,1640.84,4,410.21,5,1,1
C48601,414.47,414.47,1,414.47,3,1,0
C48646,1159.1,1159.1,5,231.82,6,1,1
C48649,204.36,204.36,3,68.12,3,1,0
C48713,159.8,159.8,5,31.96,5,1,0
C48846,904.1,904.1,2,452.05,3,1,0
C48939,2147.25,2147.25,5,429.45,5,1,1
C48942,2654.68,2654.68,4,663.67,7,1,1
C48946,309.85,309.85,5,61.97,6,1,0
C48965,299.35,299.35,1,299.35,5,1,0
C49009,537.4,537.4,5,107.48,9,1,0
C49137,598.46,598.46,2,299.23,2,1,0
C49187,535.5,535.5,1,535.5,5,1,0
C49198,1940.37,1940.37,3,646.79,5,1,1
C49282,253.7,253.7,5,50.74,7,1,0
C49605,457.82,457.82,2,228.91,4,1,0
C49720,391.83,391.83,3,130.61,4,1,0
C49726,17.98,17.98,1,17.98,6,1,0
C49831,1474.29,1474.29,3,491.43,6,1,1
C49995,984.44,984.44,4,246.11,4,1,0
C50087,366.33,366.33,3,122.11,4,1,0
C50114,98.16,98.16,2,49.08,7,1,0
C50159,667.02,667.02,3,222.34,5,1,0
C50211,53.0,53.0,2,26.5,3,1,0
C50236,2463.32,2463.32,4,615.83,4,1,1
C50274,1528.26,1528.26,3,509.42,5,1,1
C50275,269.65,269.65,5,53.93,7,1,0
C50304,930.3,930.3,2,465.15,2,1,0
C50415,2830.35,2830.35,5,566.07,6,1,1
C50422,1129.16,1129.16,2,564.58,4,1,0
C50612,226.64,226.64,4,56.66,4,1,0
C50732,590.04,590.04,4,147.51,4,1,0
C50967,364.8,364.8,2,182.4,5,1,0
C51024,489.8,489.8,1,489.8,4,1,0
C51145,2403.24,2403.24,4,600.81,9,1,1
C51157,1778.61,1778.61,3,592.87,3,1,1
C51404,378.12,378.12,2,189.06,7,1,0
C51494,977.74,977.74,2,488.87,4,1,0
C51694,1361.7,1361.7,2,680.85,6,1,1
C51898,898.44,898.44,4,224.61,6,1,0
C52184,162.77,162.77,1,162.77,4,1,0
C52313,836.52,836.52,2,418.26,2,1,0
C52604,506.5,506.5,5,101.3,7,1,0
C52717,2756.35,2756.35,5,551.27,7,1,1
C52751,1055.72,1055.72,4,263.93,4,1,0
C52879,3194.6,3194.6,5,638.92,5,1,1
C52915,657.08,657.08,2,328.54,6,1,0
C53070,2048.24,2048.24,4,512.06,5,1,1
C53215,265.38,265.38,1,265.38,6,1,0
C53252,570.32,570.32,4,142.58,4,1,0
C53277,1595.16,1595.16,3,531.72,7,1,1
C53334,1496.04,1496.04,3,498.68,4,1,1
C53464,3299.25,3299.25,5,659.85,9,1,1
C53488,410.52,410.52,3,136.84,3,1,0
C53501,249.57,249.57,1,249.57,3,1,0
C53631,595.89,595.89,3,198.63,8,1,0
C53697,827.36,827.36,4,206.84,5,1,0
C54277,519.16,519.16,2,259.58,7,1,0
C54298,1437.63,1437.63,3,479.21,5,1,1
C54390,580.74,580.74,3,193.58,7,1,0
C54409,1018.17,1018.17,3,339.39,7,1,0
C54494,352.92,352.92,2,176.46,2,1,0
C54499,668.48,668.48,1,668.48,1,1,0
C54725,289.32,289.32,2,144.66,7,1,0
C54759,109.29,109.29,1,109.29,5,1,0
C54829,312.55,312.55,5,62.51,9,1,0
C54886,355.15,355.15,1,355.15,2,1,0
C55205,793.4,793.4,4,198.35,7,1,0
C55286,2873.95,2873.95,5,574.79,8,1,1
C55354,684.22,684.22,2,342.11,2,1,0
C55388,1213.86,1213.86,3,404.62,6,1,0
C55454,677.48,677.48,1,677.48,1,1,0
C55590,625.51,625.51,1,625.51,1,1,0
C55606,1102.0,1102.0,4,275.5,8,1,1
C55636,1702.4,1702.4,4,425.6,5,1,1
C55819,1268.75,1268.75,5,253.75,9,1,1
C55996,2543.45,2543.45,5,508.69,10,1,1
C56266,640.88,640.88,4,160.22,9,1,0
C56553,212.43,212.43,3,70.81,8,1,0
C56564,507.48,507.48,2,253.74,5,1,0
C56722,110.35,110.35,5,22.07,7,1,0
C56796,678.38,678.38,1,678.38,4,1,0
C56851,958.15,958.15,5,191.63,6,1,0
C56928,1435.0,1435.0,4,358.75,9,1,1
C56938,1117.8,1117.8,3,372.6,7,1,0
C56969,193.0,96.5,3,62.300000000000004,8,2,2
C57276,3456.4,3456.4,5,691.28,10,1,1
C57502,2242.32,2242.32,4,560.58,6,1,1
C57861,915.48,915.48,3,305.16,8,1,0
C58063,987.26,987.26,2,493.63,6,1,0
C58108,2517.36,2517.36,4,629.34,4,1,1
C58156,95.1,95.1,1,95.1,1,1,0
C58341,639.83,639.83,1,639.83,2,1,0
C58410,645.46,645.46,1,645.46,5,1,0
C58503,1402.6,1402.6,5,280.52,7,1,1
C58638,1531.52,1531.52,4,382.88,6,1,1
C58808,539.66,539.66,2,269.83,4,1,0
C58858,674.64,674.64,2,337.32,4,1,0
C59139,458.35,458.35,5,91.67,9,1,0
C59183,3322.55,3322.55,5,664.51,8,1,1
C59278,2360.05,2360.05,5,472.01,10,1,1
C59338,2070.9,2070.9,3,690.3,6,1,1
C59441,2092.65,2092.65,5,418.53,6,1,1
C59554,912.08,912.08,2,456.04,4,1,0
C59572,542.07,542.07,1,542.07,6,1,0
C59724,819.5,819.5,2,409.75,2,1,0
C59752,1538.8,1538.8,5,307.76,9,1,1
C59774,72.6,72.6,1,72.6,6,1,0
C60029,1524.36,1524.36,3,508.12,8,1,1
C60037,1054.92,1054.92,2,527.46,3,1,0
C60178,1023.45,1023.45,3,341.15,4,1,0
C60190,1898.76,1898.76,4,474.69,6,1,1
C60203,583.7,583.7,2,291.85,5,1,0
C60215,334.4,334.4,4,83.6,4,1,0
C60355,1000.58,1000.58,2,500.29,7,1,0
C60361,1948.1,1948.1,5,389.62,7,1,1
C60384,1484.28,1484.28,4,371.07,7,1,1
C60699,1235.85,1235.85,3,411.95,7,1,1
C61070,951.56,951.56,2,475.78,2,1,0
C61090,2062.36,2062.36,4,515.59,7,1,1
C61257,507.34,507.34,2,253.67,3,1,0
C61280,1472.22,1472.22,3,490.74,3,1,1
C61384,802.35,802.35,3,267.45,5,1,0
C61521,690.02,690.02,2,345.01,6,1,0
C61618,488.8,488.8,4,122.2,7,1,0
C61773,981.12,981.12,4,245.28,6,1,0
C61943,985.8,985.8,2,492.9,5,1,0
C61957,483.38,483.38,1,483.38,6,1,0
C62169,184.15,184.15,1,184.15,5,1,0
C62277,309.88,309.88,4,77.47,7,1,0
C62312,52.54,52.54,1,52.54,6,1,0
C62405,460.72,460.72,2,230.36,4,1,0
C62512,275.22,275.22,3,91.74,8,1,0
C62557,1232.64,1232.64,3,410.88,8,1,1
C62622,562.61,562.61,1,562.61,3,1,0
C62627,41.09,41.09,1,41.09,4,1,0
C62656,873.72,873.72,4,218.43,9,1,0
C62666,322.5,322.5,5,64.5,8,1,0
C62740,424.4,424.4,1,424.4,6,1,0
C63018,38.49,38.49,1,38.49,4,1,0
C63150,410.91,410.91,3,136.97,4,1,0
C63153,2199.04,2199.04,4,549.76,4,1,1
C63372,2428.55,2428.55,5,485.71,10,1,1
C63378,512.39,512.39,1,512.39,2,1,0
C63657,1274.67,1274.67,3,424.89,6,1,1
C63727,724.28,724.28,2,362.14,2,1,0
C63822,507.56,507.56,4,126.89,9,1,0
C63827,1974.92,1974.92,4,493.73,6,1,1
C64160,330.98,330.98,2,165.49,4,1,0
C64516,1517.37,1517.37,3,505.79,3,1,1
C64549,1006.1,1006.1,5,201.22,6,1,0
C64554,410.52,410.52,3,136.84,4,1,0
C64579,234.37,234.37,1,234.37,5,1,0
C64638,527.57,527.57,1,527.57,3,1,0
C64641,2119.65,2119.65,5,423.93,5,1,1
C64753,1050.08,1050.08,4,262.52,4,1,0
C64935,304.11,304.11,1,304.11,2,1,0
C65021,809.92,809.92,2,404.96,4,1,0
C65056,2129.96,2129.96,4,532.49,6,1,1
C65083,2631.16,2631.16,4,657.79,6,1,1
C65107,70.24,70.24,1,70.24,4,1,0
C65414,595.42,595.42,2,297.71,7,1,0
C65497,163.32,163.32,1,163.32,6,1,0
C65524,1919.1,1919.1,5,383.82,7,1,1
C65744,582.04,582.04,1,582.04,1,1,0
C65799,2260.8,2260.8,4,565.2,9,1,1
C65890,1577.85,1577.85,5,315.57,6,1,1
C65905,950.4,950.4,5,190.08,9,1,1
C65986,3352.4,3352.4,5,670.48,5,1,1
C66078,1101.12,1101.12,4,275.28,9,1,1
C66093,2595.64,2595.64,4,648.91,6,1,1
C66149,1537.28,1537.28,4,384.32,6,1,1
C66196,796.9,796.9,2,398.45,7,1,0
C66254,515.32,515.32,1,515.32,1,1,0
C66349,565.85,565.85,1,565.85,1,1,0
C66438,90.27,90.27,1,90.27,5,1,0
C66462,1739.6,1739.6,5,347.92,6,1,1
C66840,2313.08,2313.08,4,578.27,9,1,1
C66906,518.64,518.64,2,259.32,2,1,0
C67195,2306.08,2306.08,4,576.52,5,1,1
C67260,3390.8,3390.8,5,678.16,7,1,1
C67387,1418.65,1418.65,5,283.73,8,1,1
C67528,1185.12,1185.12,4,296.28,5,1,0
C67533,26.95,26.95,1,26.95,1,1,0
C67551,1955.12,1955.12,4,488.78,5,1,1
C67561,1660.56,1660.56,3,553.52,4,1,1
C67604,279.38,279.38,2,139.69,7,1,0
C67687,868.6,868.6,2,434.3,7,1,0
C67818,442.39,442.39,1,442.39,6,1,0
C67870,1648.8,1648.8,4,412.2,6,1,1
C68078,987.76,987.76,2,493.88,7,1,0
C68266,1960.89,1960.89,3,653.63,7,1,1
C68508,123.28,123.28,1,123.28,3,1,0
C68553,742.41,742.41,3,247.47,4,1,0
C68609,1330.32,1330.32,3,443.44,3,1,0
C68936,1662.75,1662.75,3,554.25,6,1,1
C68937,850.06,850.06,2,425.03,2,1,0
C68976,868.25,868.25,5,173.65,9,1,0
C69021,1874.52,1874.52,3,624.84,8,1,1
C69149,1062.98,1062.98,2,531.49,7,1,0
C69167,165.03,165.03,3,55.01,7,1,0
C69168,21.19,21.19,1,21.19,5,1,0
C69213,2579.84,2579.84,4,644.96,7,1,1
C69332,1695.75,1695.75,3,565.25,7,1,1
C69396,1808.25,1808.25,3,602.75,6,1,1
C69476,996.28,996.28,4,249.07,5,1,0
C69542,422.54,422.54,1,422.54,1,1,0
C70010,1153.85,1153.85,5,230.77,10,1,1
C70246,476.22,476.22,3,158.74,7,1,0
C70352,626.6,626.6,1,626.6,4,1,0
C70412,2313.12,2313.12,4,578.28,5,1,1
C70492,1984.0,1984.0,4,496.0,8,1,1
C70495,114.14,114.14,2,57.07,3,1,0
C70529,105.92,105.92,1,105.92,6,1,0
C70554,418.35,418.35,3,139.45,8,1,0
C70566,2682.9,2682.9,5,536.58,5,1,1
C70633,367.34,367.34,2,183.67,3,1,0
C70659,1505.46,1505.46,3,501.82,4,1,1
C70999,433.32,433.32,2,216.66,6,1,0
C71035,436.77,436.77,1,436.77,5,1,0
C71040,1739.4,1739.4,4,434.85,4,1,1
C71076,511.98,511.98,2,255.99,4,1,0
C71122,634.4,634.4,1,634.4,6,1,0
C71473,1709.2,1709.2,5,341.84,8,1,1
C71570,2137.92,2137.92,4,534.48,9,1,1
C71680,2270.28,2270.28,4,567.57,9,1,1
C71797,1857.16,1857.16,4,464.29,5,1,1
C71899,2004.99,2004.99,3,668.33,4,1,1
C72043,394.53,394.53,1,394.53,2,1,0
C72241,2709.48,2709.48,4,677.37,8,1,1
C72293,688.02,688.02,3,229.34,6,1,0
C72533,376.76,376.76,1,376.76,5,1,0
C72588,1574.7,1574.7,5,314.94,8,1,1
C72596,770.32,770.32,2,385.16,7,1,0
C72649,2853.1,2853.1,5,570.62,7,1,1
C72664,627.15,627.15,1,627.15,5,1,0
C73225,1100.36,1100.36,2,550.18,3,1,0
C73289,1945.77,1945.77,3,648.59,4,1,1
C73370,44.35,44.35,1,44.35,1,1,0
C73514,1395.15,1395.15,3,465.05,3,1,0
C73575,3219.45,3219.45,5,643.89,8,1,1
C73629,265.64,265.64,1,265.64,3,1,0
C73813,445.2,445.2,4,111.3,7,1,0
C73873,661.38,661.38,2,330.69,5,1,0
C73961,530.24,530.24,4,132.56,8,1,0
C73996,287.64,287.64,2,143.82,6,1,0
C73999,375.76,375.76,2,187.88,4,1,0
C74003,1221.28,1221.28,4,305.32,4,1,0
C74005,2240.75,2240.75,5,448.15,7,1,1
C74499,744.46,744.46,2,372.23,7,1,0
C74519,945.81,945.81,3,315.27,4,1,0
C74562,220.77,220.77,1,220.77,5,1,0
C74928,612.48,612.48,2,306.24,4,1,0
C74982,2042.8,2042.8,5,408.56,8,1,1
C75018,2007.18,2007.18,3,669.06,7,1,1
C75456,276.66,276.66,3,92.22,5,1,0
C75619,742.58,742.58,2,371.29,5,1,0
C75739,302.7,302.7,2,151.35,3,1,0
C75888,1346.7,1346.7,3,448.9,7,1,1
C76140,826.4,826.4,4,206.6,6,1,0
C76362,709.5,709.5,3,236.5,8,1,0
C76653,1539.4,1539.4,4,384.85,9,1,1
C76675,1991.79,1991.79,3,663.93,6,1,1
C76766,2512.48,2512.48,4,628.12,6,1,1
C76929,356.81,356.81,1,356.81,1,1,0
C77046,741.64,741.64,4,185.41,9,1,0
C77085,1050.32,1050.32,4,262.58,8,1,0
C77122,438.37,438.37,1,438.37,4,1,0
C77166,741.33,741.33,3,247.11,3,1,0
C77272,2492.4,2492.4,5,498.48,8,1,1
C77344,343.31,343.31,1,343.31,6,1,0
C77357,474.6,474.6,1,474.6,4,1,0
C77736,798.08,798.08,2,399.04,3,1,0
C77763,1508.31,1508.31,3,502.77,8,1,1
C77800,1378.02,1378.02,3,459.34,3,1,0
C77872,1027.18,1027.18,2,513.59,4,1,0
C78170,341.7,341.7,5,68.34,6,1,0
C78305,1092.42,1092.42,3,364.14,7,1,0
C78500,2512.35,2512.35,5,502.47,10,1,1
C78684,1765.32,1765.32,3,588.44,8,1,1
C78724,1266.39,1266.39,3,422.13,7,1,1
C78725,1880.36,1880.36,4,470.09,4,1,1
C79142,569.96,569.96,1,569.96,4,1,0
C79475,2542.95,2542.95,5,508.59,8,1,1
C79506,746.34,746.34,2,373.17,6,1,0
C79508,135.17,135.17,1,135.17,6,1,0
C79533,3008.6,3008.6,5,601.72,5,1,1
C79674,873.68,873.68,2,436.84,2,1,0
C79722,1382.2,1382.2,5,276.44,10,1,1
C79821,531.18,531.18,1,531.18,6,1,0
C79842,945.64,945.64,4,236.41,7,1,0
C79909,137.62,137.62,2,68.81,5,1,0
C80004,2052.42,2052.42,3,684.14,3,1,1
C80135,1107.55,1107.55,5,221.51,5,1,0
C80151,1723.32,1723.32,4,430.83,8,1,1
C80183,365.57,365.57,1,365.57,5,1,0
C80223,2651.76,2651.76,4,662.94,8,1,1
C80416,1087.15,1087.15,5,217.43,10,1,1
C80649,312.11,312.11,1,312.11,4,1,0
C80651,1194.51,1194.51,3,398.17,5,1,0
C80735,130.14,130.14,2,65.07,4,1,0
C80872,1984.3,1984.3,5,396.86,9,1,1
C81074,157.72,157.72,1,157.72,2,1,0
C81319,1342.15,1342.15,5,268.43,5,1,1
C81366,410.6,410.6,1,410.6,2,1,0
C81370,2532.25,2532.25,5,506.45,7,1,1
C81547,510.52,510.52,2,255.26,6,1,0
C81573,36.65,36.65,1,36.65,1,1,0
C81726,2161.36,2161.36,4,540.34,6,1,1
C81728,2753.4,2753.4,5,550.68,8,1,1
C81840,2504.04,2504.04,4,626.01,8,1,1
C81882,463.92,463.92,3,154.64,6,1,0
C82068,408.13,408.13,1,408.13,3,1,0
C82217,1717.48,1717.48,4,429.37,8,1,1
C82313,197.58,197.58,3,65.86,8,1,0
C82344,2028.63,2028.63,3,676.21,5,1,1
C82399,158.68,158.68,1,158.68,6,1,0
C82550,667.66,667.66,2,333.83,4,1,0
C82685,475.98,475.98,3,158.66,7,1,0
C82781,109.68,109.68,4,27.42,4,1,0
C82921,208.36,208.36,1,208.36,4,1,0
C82990,300.1,300.1,2,150.05,4,1,0
C83223,650.84,650.84,4,162.71,7,1,0
C83492,664.42,664.42,1,664.42,6,1,0
C83548,144.25,144.25,1,144.25,2,1,0
C83556,1059.16,1059.16,4,264.79,5,1,0
C83653,925.04,925.04,4,231.26,6,1,0
C83911,2799.52,2799.52,4,699.88,5,1,1
C84041,1001.6,1001.6,2,500.8,3,1,0
C84115,1362.87,1362.87,3,454.29,4,1,0
C84134,2772.28,2772.28,4,693.07,8,1,1
C84320,208.95,208.95,3,69.65,7,1,0
C84329,431.44,431.44,1,431.44,3,1,0
C84331,3223.2,3223.2,5,644.64,6,1,1
C84524,2071.92,2071.92,4,517.98,8,1,1
C84563,472.66,472.66,2,236.33,3,1,0
C84630,2592.75,2592.75,5,518.55,6,1,1
C84700,1599.85,1599.85,5,319.97,7,1,1
C84766,688.04,688.04,2,344.02,4,1,0
C84834,409.02,409.02,3,136.34,8,1,0
C84888,51.73,51.73,1,51.73,1,1,0
C84908,420.26,420.26,1,420.26,4,1,0
C85018,824.25,824.25,3,274.75,3,1,0
C85059,987.4,987.4,4,246.85,8,1,0
C85074,934.8,934.8,4,233.7,8,1,0
C85282,3143.7,3143.7,5,628.74,9,1,1
C85330,1140.45,1140.45,5,228.09,9,1,1
C85421,1641.45,1641.45,3,547.15,4,1,1
C85466,441.87,441.87,3,147.29,3,1,0
C85520,1862.64,1862.64,4,465.66,9,1,1
C85841,2597.88,2597.88,4,649.47,8,1,1
C85929,440.73,440.73,3,146.91,6,1,0
C85993,2189.28,2189.28,4,547.32,8,1,1
C86266,1618.32,1618.32,4,404.58,5,1,1
C86374,1363.85,1363.85,5,272.77,7,1,1
C86408,84.28,84.28,4,21.07,4,1,0
C86481,171.59,171.59,1,171.59,5,1,0
C86524,732.46,732.46,2,366.23,2,1,0
C86762,2043.65,2043.65,5,408.73,10,1,1
C86773,789.44,789.44,4,197.36,9,1,0
C86864,92.72,92.72,2,46.36,4,1,0
C87051,72.31,72.31,1,72.31,1,1,0
C87124,198.51,198.51,1,198.51,5,1,0
C87432,1208.2,1208.2,4,302.05,6,1,0
C87448,450.07,450.07,1,450.07,6,1,0
C87524,625.0,625.0,1,625.0,5,1,0
C87529,987.64,987.64,4,246.91,8,1,0
C87547,380.12,380.12,4,95.03,8,1,0
C87687,1137.21,1137.21,3,379.07,3,1,0
C87764,206.82,206.82,2,103.41,2,1,0
C87777,816.64,816.64,2,408.32,3,1,0
C87994,2392.76,2392.76,4,598.19,7,1,1
C87995,1925.92,1925.92,4,481.48,5,1,1
C88036,1571.35,1571.35,5,314.27,6,1,1
C88075,2651.7,2651.7,5,530.34,9,1,1
C88174,18.2,18.2,1,18.2,4,1,0
C88205,3215.15,3215.15,5,643.03,5,1,1
C88304,768.28,768.28,2,384.14,2,1,0
C88348,604.47,604.47,3,201.49,4,1,0
C88546,813.84,813.84,4,203.46,7,1,0
C88644,392.61,392.61,1,392.61,4,1,0
C88645,1751.16,1751.16,3,583.72,5,1,1
C88775,1989.05,1989.05,5,397.81,5,1,1
C88981,2445.04,2445.04,4,611.26,5,1,1
C89336,92.79,92.79,1,92.79,3,1,0
C89559,662.84,662.84,2,331.42,6,1,0
C89592,2547.9,2547.9,5,509.58,6,1,1
C89674,1151.66,1151.66,2,575.83,3,1,0
C89732,406.22,406.22,1,406.22,5,1,0
C89822,410.78,410.78,1,410.78,1,1,0
C90110,418.36,418.36,1,418.36,5,1,0
C90132,1304.65,1304.65,5,260.93,9,1,1
C90310,762.56,762.56,4,190.64,5,1,0
C90318,1259.12,1259.12,2,629.56,5,1,0
C90348,899.0,899.0,4,224.75,7,1,0
C90350,367.34,367.34,2,183.67,6,1,0
C90363,3044.55,3044.55,5,608.91,6,1,1
C90431,844.68,844.68,2,422.34,4,1,0
C90573,438.93,438.93,1,438.93,3,1,0
C90595,391.45,391.45,5,78.29,5,1,0
C90612,1103.25,1103.25,3,367.75,7,1,0
C90757,1979.36,1979.36,4,494.84,8,1,1
C90852,1725.03,1725.03,3,575.01,8,1,1
C90898,1491.95,1491.95,5,298.39,7,1,1
C90993,153.12,153.12,4,38.28,4,1,0
C91029,2131.48,2131.48,4,532.87,9,1,1
C91099,1025.3,1025.3,2,512.65,5,1,0
C91123,1202.24,1202.24,4,300.56,9,1,1
C91155,704.8199999999999,352.40999999999997,6,129.01,13,2,2
C91201,93.0,93.0,2,46.5,7,1,0
C91245,675.33,675.33,3,225.11,4,1,0
C91454,557.76,557.76,2,278.88,3,1,0
C91486,268.32,268.32,4,67.08,8,1,0
C91582,1949.79,1949.79,3,649.93,7,1,1
C91591,2609.92,2609.92,4,652.48,5,1,1
C91805,1819.23,1819.23,3,606.41,7,1,1
C91941,1188.0,1188.0,3,396.0,4,1,0
C92049,2666.08,2666.08,4,666.52,8,1,1
C92086,749.2,749.2,2,374.6,3,1,0
C92180,977.8,977.8,2,488.9,7,1,0
C92294,1225.4,1225.4,4,306.35,7,1,1
C92548,1132.25,1132.25,5,226.45,6,1,1
C92575,2464.7,2464.7,5,492.94,10,1,1
C92788,243.71,243.71,1,243.71,6,1,0
C93220,730.34,730.34,2,365.17,4,1,0
C93276,1652.25,1652.25,5,330.45,10,1,1
C93309,1821.4,1821.4,5,364.28,5,1,1
C93375,446.16,446.16,3,148.72,7,1,0
C93379,128.85,128.85,3,42.95,8,1,0
C93473,3196.85,3196.85,5,639.37,6,1,1
C93618,603.63,603.63,3,201.21,3,1,0
C93768,972.9,972.9,3,324.3,8,1,0
C93821,1075.44,1075.44,3,358.48,7,1,0
C93861,147.42,147.42,3,49.14,7,1,0
C94257,1394.38,1394.38,2,697.19,7,1,1
C94311,2740.8,2740.8,4,685.2,6,1,1
C94323,379.05,379.05,5,75.81,10,1,0
C94479,314.05,314.05,5,62.81,9,1,0
C94568,1939.4,1939.4,4,484.85,5,1,1
C94569,487.21,487.21,1,487.21,3,1,0
C94595,247.64,247.64,4,61.91,6,1,0
C94671,167.15,167.15,1,167.15,5,1,0
C94921,438.2,438.2,2,219.1,4,1,0
C95100,627.2,627.2,1,627.2,1,1,0
C95271,927.66,927.66,3,309.22,7,1,0
C95568,973.41,973.41,3,324.47,4,1,0
C95623,1870.02,1870.02,3,623.34,3,1,1
C95643,2426.28,2426.28,4,606.57,5,1,1
C95667,463.08,463.08,4,115.77,7,1,0
C95856,1279.76,1279.76,2,639.88,5,1,1
C95901,1993.38,1993.38,3,664.46,4,1,1
C96034,121.08,121.08,4,30.27,9,1,0
C96257,1803.0,1803.0,4,450.75,6,1,1
C96261,970.74,970.74,2,485.37,5,1,0
C96283,924.03,924.03,3,308.01,3,1,0
C96434,2536.2,2536.2,4,634.05,6,1,1
C96494,179.22,179.22,1,179.22,6,1,0
C96595,1719.66,1719.66,3,573.22,5,1,1
C96664,769.38,769.38,3,256.46,4,1,0
C96695,564.86,564.86,1,564.86,6,1,0
C97187,670.54,670.54,1,670.54,6,1,0
C97218,2300.7,2300.7,5,460.14,10,1,1
C97454,698.8,698.8,2,349.4,2,1,0
C97485,915.64,915.64,4,228.91,4,1,0
C97593,2855.2200000000003,1427.6100000000001,5,534.1800000000001,14,2,2
C97643,2051.0,2051.0,4,512.75,8,1,1
C97681,2166.3,2166.3,5,433.26,9,1,1
C97715,727.82,727.82,2,363.91,2,1,0
C97774,1807.88,1807.88,4,451.97,7,1,1
C97907,1758.63,1758.63,3,586.21,4,1,1
C98096,635.54,635.54,2,317.77,4,1,0
C98168,2103.5,2103.5,5,420.7,5,1,1
C98216,2463.75,2463.75,5,492.75,6,1,1
C98276,14.06,14.06,1,14.06,5,1,0
C98278,1241.49,1241.49,3,413.83,8,1,1
C98354,151.02,151.02,3,50.34,3,1,0
C98474,786.66,786.66,2,393.33,3,1,0
C98761,1994.04,1994.04,4,498.51,4,1,1
C99024,684.65,684.65,1,684.65,1,1,0
C99050,1201.14,1201.14,2,600.57,3,1,0
C99128,138.33,138.33,3,46.11,5,1,0
C99173,1070.52,1070.52,3,356.84,5,1,0
C99217,1435.65,1435.65,5,287.13,10,1,1
C99271,226.58,226.58,2,113.29,5,1,0
C99533,678.01,678.01,1,678.01,4,1,0
C99775,1654.84,1654.84,4,413.71,9,1,1
C99879,821.88,821.88,3,273.96,8,1,0
C99904,646.74,646.74,2,323.37,3,1,0
